{
  "Name": "ctrlX_CORE",
  "IconName": null,
  "EcadId": "",
  "TypeName": "_3S.CoDeSys.DeviceObject.DeviceObject",
  "Type": 4096,
  "Id": "1001 0080",
  "ModuleId": null,
  "Version": "2.2.0.0",
  "ObjectGuid": "bc8d466c-e377-4bf2-ae0a-454a13305d6b",
  "SlotIndex": 0,
  "StructuralItems": [
    {
      "Name": "PLC Logic",
      "IconName": null,
      "EcadId": null,
      "TypeName": "_3S.CoDeSys.PlcLogicObject.PlcLogicObject",
      "Type": 0,
      "Id": null,
      "ModuleId": null,
      "Version": null,
      "ObjectGuid": "7e2b80bc-8580-49de-bb0f-6ba56bf56477",
      "SlotIndex": 0,
      "StructuralItems": [
        {
          "Name": "Application",
          "IconName": null,
          "EcadId": null,
          "TypeName": "_3S.CoDeSys.ApplicationObject.ApplicationObject",
          "Type": 0,
          "Id": null,
          "ModuleId": null,
          "Version": null,
          "ObjectGuid": "1fd1c83c-84dd-4fc9-bcb0-b0b04cafe0df",
          "SlotIndex": 0,
          "StructuralItems": [
            {
              "Name": "Library Manager",
              "IconName": null,
              "EcadId": null,
              "TypeName": "_3S.CoDeSys.LibManObject.LibManObject",
              "Type": 0,
              "Id": null,
              "ModuleId": null,
              "Version": null,
              "ObjectGuid": "52a5c5d8-4247-4744-82cf-adee1eb28a4e",
              "SlotIndex": 0,
              "StructuralItems": []
            },
            {
              "Name": "PLC_PRG",
              "IconName": null,
              "EcadId": null,
              "TypeName": "_3S.CoDeSys.POUObject.POUObject",
              "Type": 0,
              "Id": null,
              "ModuleId": null,
              "Version": null,
              "ObjectGuid": "21911815-e679-42c2-baf1-aaee39279529",
              "SlotIndex": 0,
              "StructuralItems": []
            },
            {
              "Name": "Task Configuration",
              "IconName": null,
              "EcadId": null,
              "TypeName": "_3S.CoDeSys.TaskConfigObject.TaskConfigObject",
              "Type": 0,
              "Id": null,
              "ModuleId": null,
              "Version": null,
              "ObjectGuid": "8e0f67e0-d9af-4488-8cb4-2d79519718de",
              "SlotIndex": 0,
              "StructuralItems": [
                {
                  "Name": "MainTask",
                  "IconName": null,
                  "EcadId": null,
                  "TypeName": "_3S.CoDeSys.TaskObject.TaskObject",
                  "Type": 0,
                  "Id": null,
                  "ModuleId": null,
                  "Version": null,
                  "ObjectGuid": "f48a6001-f233-44cc-b789-67b974403818",
                  "SlotIndex": 0,
                  "StructuralItems": [
                    {
                      "Name": "PLC_PRG",
                      "IconName": null,
                      "EcadId": null,
                      "TypeName": "_3S.CoDeSys.TaskObject.TaskPOUCallObject",
                      "Type": 0,
                      "Id": null,
                      "ModuleId": null,
                      "Version": null,
                      "ObjectGuid": "857fe435-241b-4149-89e7-000ca649b9cc",
                      "SlotIndex": 0,
                      "StructuralItems": []
                    }
                  ]
                }
              ]
            },
            {
              "Name": "Symbol Configuration",
              "IconName": null,
              "EcadId": null,
              "TypeName": "_3S.CoDeSys.SymbolConfigObject.SymbolConfigObject",
              "Type": 0,
              "Id": null,
              "ModuleId": null,
              "Version": null,
              "ObjectGuid": "2e139552-5259-41f7-b333-7913ac2a900f",
              "SlotIndex": 0,
              "StructuralItems": []
            },
            {
              "Name": "CheckFunctions",
              "IconName": null,
              "EcadId": null,
              "TypeName": "_3S.CoDeSys.DefaultNavigators.FolderObject",
              "Type": 0,
              "Id": null,
              "ModuleId": null,
              "Version": null,
              "ObjectGuid": "d8611162-b625-48ab-b7ed-16e894772f7c",
              "SlotIndex": 0,
              "StructuralItems": [
                {
                  "Name": "CheckBounds",
                  "IconName": null,
                  "EcadId": null,
                  "TypeName": "_3S.CoDeSys.POUObject.POUObjectCheckFunction",
                  "Type": 0,
                  "Id": null,
                  "ModuleId": null,
                  "Version": null,
                  "ObjectGuid": "5c57242d-0abc-44e9-a367-983e29473911",
                  "SlotIndex": 0,
                  "StructuralItems": []
                },
                {
                  "Name": "CheckDivDInt",
                  "IconName": null,
                  "EcadId": null,
                  "TypeName": "_3S.CoDeSys.POUObject.POUObject",
                  "Type": 0,
                  "Id": null,
                  "ModuleId": null,
                  "Version": null,
                  "ObjectGuid": "58c0f176-f4bb-46bb-8dab-1ed03dd53ad8",
                  "SlotIndex": 0,
                  "StructuralItems": []
                },
                {
                  "Name": "CheckDivLInt",
                  "IconName": null,
                  "EcadId": null,
                  "TypeName": "_3S.CoDeSys.POUObject.POUObject",
                  "Type": 0,
                  "Id": null,
                  "ModuleId": null,
                  "Version": null,
                  "ObjectGuid": "609648a1-2e58-455b-9c4e-d880496e9f4a",
                  "SlotIndex": 0,
                  "StructuralItems": []
                },
                {
                  "Name": "CheckDivLReal",
                  "IconName": null,
                  "EcadId": null,
                  "TypeName": "_3S.CoDeSys.POUObject.POUObject",
                  "Type": 0,
                  "Id": null,
                  "ModuleId": null,
                  "Version": null,
                  "ObjectGuid": "9803d488-e75a-4e11-a200-6e673d6e224f",
                  "SlotIndex": 0,
                  "StructuralItems": []
                },
                {
                  "Name": "CheckDivReal",
                  "IconName": null,
                  "EcadId": null,
                  "TypeName": "_3S.CoDeSys.POUObject.POUObject",
                  "Type": 0,
                  "Id": null,
                  "ModuleId": null,
                  "Version": null,
                  "ObjectGuid": "eeb3df6d-e42d-4119-9c95-6f1833bef139",
                  "SlotIndex": 0,
                  "StructuralItems": []
                },
                {
                  "Name": "CheckLRangeSigned",
                  "IconName": null,
                  "EcadId": null,
                  "TypeName": "_3S.CoDeSys.POUObject.POUObject",
                  "Type": 0,
                  "Id": null,
                  "ModuleId": null,
                  "Version": null,
                  "ObjectGuid": "8ef16baf-6c68-4fe0-b526-10ef481f2fe5",
                  "SlotIndex": 0,
                  "StructuralItems": []
                },
                {
                  "Name": "CheckLRangeUnsigned",
                  "IconName": null,
                  "EcadId": null,
                  "TypeName": "_3S.CoDeSys.POUObject.POUObject",
                  "Type": 0,
                  "Id": null,
                  "ModuleId": null,
                  "Version": null,
                  "ObjectGuid": "521ddf74-7d27-4f28-a796-a061adfdde45",
                  "SlotIndex": 0,
                  "StructuralItems": []
                },
                {
                  "Name": "CheckPointer",
                  "IconName": null,
                  "EcadId": null,
                  "TypeName": "_3S.CoDeSys.POUObject.POUObjectCheckFunction",
                  "Type": 0,
                  "Id": null,
                  "ModuleId": null,
                  "Version": null,
                  "ObjectGuid": "5958a7c4-4190-4632-9e8d-a0514bb4166b",
                  "SlotIndex": 0,
                  "StructuralItems": []
                },
                {
                  "Name": "CheckRangeSigned",
                  "IconName": null,
                  "EcadId": null,
                  "TypeName": "_3S.CoDeSys.POUObject.POUObject",
                  "Type": 0,
                  "Id": null,
                  "ModuleId": null,
                  "Version": null,
                  "ObjectGuid": "6003db3f-7c51-4503-b0d5-21bc7b4782e5",
                  "SlotIndex": 0,
                  "StructuralItems": []
                },
                {
                  "Name": "CheckRangeUnsigned",
                  "IconName": null,
                  "EcadId": null,
                  "TypeName": "_3S.CoDeSys.POUObject.POUObject",
                  "Type": 0,
                  "Id": null,
                  "ModuleId": null,
                  "Version": null,
                  "ObjectGuid": "ec010e8d-bce5-4419-adff-2749696bf6d1",
                  "SlotIndex": 0,
                  "StructuralItems": []
                }
              ]
            },
            {
              "Name": "trace",
              "IconName": null,
              "EcadId": null,
              "TypeName": "_3S.CoDeSys.TraceObject.TraceObject",
              "Type": 0,
              "Id": null,
              "ModuleId": null,
              "Version": null,
              "ObjectGuid": "bd47e99a-1edd-4b64-a244-989c0aac2187",
              "SlotIndex": 0,
              "StructuralItems": []
            },
            {
              "Name": "PLC_output",
              "IconName": null,
              "EcadId": null,
              "TypeName": "_3S.CoDeSys.GVLObject.GVLObject",
              "Type": 0,
              "Id": null,
              "ModuleId": null,
              "Version": null,
              "ObjectGuid": "477b3a16-25cf-413b-b654-2c5797d7a14a",
              "SlotIndex": 0,
              "StructuralItems": []
            },
            {
              "Name": "ROS_input",
              "IconName": null,
              "EcadId": null,
              "TypeName": "_3S.CoDeSys.GVLObject.GVLObject",
              "Type": 0,
              "Id": null,
              "ModuleId": null,
              "Version": null,
              "ObjectGuid": "9ac110be-6732-4dfb-a73c-95bd0c44ba65",
              "SlotIndex": 0,
              "StructuralItems": []
            }
          ]
        }
      ]
    },
    {
      "Name": "Realtime_Data",
      "IconName": null,
      "EcadId": null,
      "TypeName": "_3S.CoDeSys.DeviceObject.DeviceObject",
      "Type": 42420,
      "Id": "1001 0000",
      "ModuleId": null,
      "Version": "1.8.0.0",
      "ObjectGuid": "966f39aa-8e9a-4539-8eda-b001983ab5a6",
      "SlotIndex": 0,
      "StructuralItems": [
        {
          "Name": "ros2_rt",
          "IconName": null,
          "EcadId": null,
          "TypeName": "_3S.CoDeSys.DeviceObject.DeviceObject",
          "Type": 42430,
          "Id": "1001 0000",
          "ModuleId": null,
          "Version": "1.8.0.0",
          "ObjectGuid": "f9696b5e-789e-4bb8-b909-a523c31a54a3",
          "SlotIndex": 0,
          "StructuralItems": [
            {
              "Name": "ROS_input_1",
              "IconName": null,
              "EcadId": null,
              "TypeName": "_3S.CoDeSys.DeviceObject.DeviceObject",
              "Type": 42450,
              "Id": "1001 0000",
              "ModuleId": null,
              "Version": "1.8.0.0",
              "ObjectGuid": "3c30ed92-69bf-4e57-b0fe-51f8c5b9d166",
              "SlotIndex": 0,
              "StructuralItems": []
            }
          ]
        },
        {
          "Name": "plc_app_Application_realtime_data",
          "IconName": null,
          "EcadId": null,
          "TypeName": "_3S.CoDeSys.DeviceObject.DeviceObject",
          "Type": 42440,
          "Id": "1001 0000",
          "ModuleId": null,
          "Version": "1.8.0.0",
          "ObjectGuid": "055957cd-9f67-4056-bd71-38be480848f9",
          "SlotIndex": 0,
          "StructuralItems": [
            {
              "Name": "PLC_output_1",
              "IconName": null,
              "EcadId": null,
              "TypeName": "_3S.CoDeSys.DeviceObject.DeviceObject",
              "Type": 42450,
              "Id": "1001 0000",
              "ModuleId": null,
              "Version": "1.8.0.0",
              "ObjectGuid": "0d1bb545-6560-489d-8f2c-1e25480beccc",
              "SlotIndex": 0,
              "StructuralItems": []
            }
          ]
        }
      ]
    }
  ]
}