{
  "IsSynced": false,
  "SyncMode": 0,
  "InSyncWithRuntime": false,
  "ApplicationType": "plc",
  "Configuration": "appdata",
  "Solution": "DefaultSolution",
  "ControllerGuid": "bc8d466c-e377-4bf2-ae0a-454a13305d6b",
  "LastChange": 638433423042495095,
  "MachineName": "BUT-C-0002N",
  "UserName": "CRR1BUT",
  "ProjectCompleteFilename": "C:\\Users\\crr1but\\Documents\\My ctrlX\\ROS2_rt.project",
  "CompilerVersion": {
    "Major": 3,
    "Minor": 5,
    "Build": 19,
    "Revision": 30,
    "MajorRevision": 0,
    "MinorRevision": 30
  },
  "OwnVersion": {
    "Major": 1,
    "Minor": 2,
    "Build": 0,
    "Revision": 0,
    "MajorRevision": 0,
    "MinorRevision": 0
  },
  "ProductAdditionalFolder": "Default",
  "ProductProfileName": "ctrlX PLC 2.4.0",
  "ProductId": "ctrlx-works",
  "ProductVersion": "2.4.1",
  "ProductVersionText": "WRK-V-0204.1",
  "SyncModeSave": false,
  "SyncModeDownload": false,
  "SyncModeAsk": false,
  "SyncAfterBootApplication": false,
  "UserMetaData": {
    "BUT-C-0002N:CRR1BUT": {
      "MachineName": "BUT-C-0002N",
      "UserName": "CRR1BUT",
      "ProjectCompleteFilename": "C:\\Users\\crr1but\\Documents\\My ctrlX\\ROS2_rt.project"
    }
  },
  "CompileinfoChecksum": null,
  "SyncDescription": false,
  "DeviceId": "1001 0081",
  "DeviceVersion": "2.4.0.0",
  "UseIoHierachy": true
}